{"nm":"Comp 1","ddd":0,"h":231,"w":232,"meta":{"g":"@lottiefiles/toolkit-js 0.33.2"},"layers":[{"ty":4,"nm":"Shape Layer 1","sr":1,"st":0,"op":300.00001221925,"ip":0,"hd":false,"ddd":0,"bm":0,"hasMask":false,"ao":0,"ks":{"a":{"a":0,"k":[0,-1,0],"ix":1},"s":{"a":1,"k":[{"o":{"x":0.39,"y":0},"i":{"x":0.833,"y":1},"s":[64,64,100],"t":0},{"o":{"x":0.167,"y":0},"i":{"x":0.1,"y":1},"s":[46,46,100],"t":23},{"o":{"x":0.9,"y":0},"i":{"x":0.833,"y":1},"s":[64,64,100],"t":45},{"s":[64,64,100],"t":81.0000032991976}],"ix":6,"x":"var $bm_rt;\n$bm_rt = loopOut();"},"sk":{"a":0,"k":0},"p":{"a":0,"k":[116,116,0],"ix":2},"r":{"a":0,"k":0,"ix":10},"sa":{"a":0,"k":0},"o":{"a":0,"k":100,"ix":11}},"ef":[],"shapes":[{"ty":"gr","bm":0,"hd":false,"mn":"ADBE Vector Group","nm":"Ellipse 1","ix":1,"cix":2,"np":3,"it":[{"ty":"el","bm":0,"hd":false,"mn":"ADBE Vector Shape - Ellipse","nm":"Ellipse Path 1","d":1,"p":{"a":0,"k":[0,0],"ix":3},"s":{"a":0,"k":[192,192],"ix":2}},{"ty":"st","bm":0,"hd":false,"mn":"ADBE Vector Graphic - Stroke","nm":"Stroke 1","lc":1,"lj":1,"ml":4,"o":{"a":0,"k":0,"ix":4},"w":{"a":0,"k":5,"ix":5},"c":{"a":0,"k":[0.0196,0.0392,0.1882],"ix":3}},{"ty":"gf","bm":0,"hd":false,"mn":"ADBE Vector Graphic - G-Fill","nm":"Gradient Fill 1","e":{"a":0,"k":[0,96],"ix":6},"g":{"p":3,"k":{"a":0,"k":[0,0.0196078431372549,0.0392156862745098,0.18823529411764706,0.5,0.10196078431372549,0.19607843137254902,0.3843137254901961,1,0.3411764705882353,0.4470588235294118,0.6235294117647059],"ix":9}},"t":1,"a":{"a":0,"k":0},"h":{"a":0,"k":0},"s":{"a":0,"k":[0,-98],"ix":5},"r":1,"o":{"a":0,"k":100,"ix":10}},{"ty":"tr","a":{"a":0,"k":[0,0],"ix":1},"s":{"a":0,"k":[100,100],"ix":3},"sk":{"a":0,"k":0,"ix":4},"p":{"a":0,"k":[0,-1],"ix":2},"r":{"a":0,"k":0,"ix":6},"sa":{"a":0,"k":0,"ix":5},"o":{"a":0,"k":100,"ix":7}}]}],"ind":1},{"ty":4,"nm":"Shape Layer 2","sr":1,"st":0,"op":300.00001221925,"ip":0,"hd":false,"ddd":0,"bm":0,"hasMask":false,"ao":0,"ks":{"a":{"a":0,"k":[0,-1,0],"ix":1},"s":{"a":1,"k":[{"o":{"x":0.39,"y":0},"i":{"x":0.833,"y":1},"s":[94,94,100],"t":0},{"o":{"x":0.167,"y":0},"i":{"x":0.1,"y":1},"s":[47,47,100],"t":23},{"o":{"x":0.167,"y":0.167},"i":{"x":0.833,"y":0.833},"s":[94,94,100],"t":63},{"s":[94,94,100],"t":81.0000032991976}],"ix":6,"x":"var $bm_rt;\n$bm_rt = loopOut();"},"sk":{"a":0,"k":0},"p":{"a":0,"k":[116,116,0],"ix":2},"r":{"a":0,"k":0,"ix":10},"sa":{"a":0,"k":0},"o":{"a":0,"k":19,"ix":11}},"ef":[],"shapes":[{"ty":"gr","bm":0,"hd":false,"mn":"ADBE Vector Group","nm":"Ellipse 1","ix":1,"cix":2,"np":3,"it":[{"ty":"el","bm":0,"hd":false,"mn":"ADBE Vector Shape - Ellipse","nm":"Ellipse Path 1","d":1,"p":{"a":0,"k":[0,0],"ix":3},"s":{"a":0,"k":[192,192],"ix":2}},{"ty":"st","bm":0,"hd":false,"mn":"ADBE Vector Graphic - Stroke","nm":"Stroke 1","lc":1,"lj":1,"ml":4,"o":{"a":0,"k":0,"ix":4},"w":{"a":0,"k":5,"ix":5},"c":{"a":0,"k":[0.0196,0.0392,0.1882],"ix":3}},{"ty":"gf","bm":0,"hd":false,"mn":"ADBE Vector Graphic - G-Fill","nm":"Gradient Fill 1","e":{"a":0,"k":[0,96],"ix":6},"g":{"p":3,"k":{"a":0,"k":[0,0.0196078431372549,0.0392156862745098,0.18823529411764706,0.5,0.29411764705882354,0.4392156862745098,0.6352941176470588,1,0.00392156862745098,0.5058823529411764,0.9921568627450981],"ix":9}},"t":1,"a":{"a":0,"k":0},"h":{"a":0,"k":0},"s":{"a":0,"k":[0,-98],"ix":5},"r":1,"o":{"a":0,"k":100,"ix":10}},{"ty":"tr","a":{"a":0,"k":[0,0],"ix":1},"s":{"a":0,"k":[100,100],"ix":3},"sk":{"a":0,"k":0,"ix":4},"p":{"a":0,"k":[0,-1],"ix":2},"r":{"a":0,"k":0,"ix":6},"sa":{"a":0,"k":0,"ix":5},"o":{"a":0,"k":100,"ix":7}}]}],"ind":2},{"ty":4,"nm":"Shape Layer 4","sr":1,"st":0,"op":300.00001221925,"ip":0,"hd":false,"ddd":0,"bm":0,"hasMask":false,"ao":0,"ks":{"a":{"a":0,"k":[0,-1,0],"ix":1},"s":{"a":1,"k":[{"o":{"x":0.39,"y":0},"i":{"x":0.833,"y":1},"s":[119,119,100],"t":0},{"o":{"x":0.167,"y":0},"i":{"x":0,"y":1},"s":[27,27,100],"t":23},{"s":[119,119,100],"t":81.0000032991976}],"ix":6,"x":"var $bm_rt;\n$bm_rt = loopOut();"},"sk":{"a":0,"k":0},"p":{"a":0,"k":[116,116,0],"ix":2},"r":{"a":0,"k":0,"ix":10},"sa":{"a":0,"k":0},"o":{"a":0,"k":12,"ix":11}},"ef":[],"shapes":[{"ty":"gr","bm":0,"hd":false,"mn":"ADBE Vector Group","nm":"Ellipse 1","ix":1,"cix":2,"np":3,"it":[{"ty":"el","bm":0,"hd":false,"mn":"ADBE Vector Shape - Ellipse","nm":"Ellipse Path 1","d":1,"p":{"a":0,"k":[0,0],"ix":3},"s":{"a":0,"k":[192,192],"ix":2}},{"ty":"st","bm":0,"hd":false,"mn":"ADBE Vector Graphic - Stroke","nm":"Stroke 1","lc":1,"lj":1,"ml":4,"o":{"a":0,"k":0,"ix":4},"w":{"a":0,"k":5,"ix":5},"c":{"a":0,"k":[0.0196,0.0392,0.1882],"ix":3}},{"ty":"gf","bm":0,"hd":false,"mn":"ADBE Vector Graphic - G-Fill","nm":"Gradient Fill 1","e":{"a":0,"k":[0,96],"ix":6},"g":{"p":3,"k":{"a":0,"k":[0,0.0196078431372549,0.0392156862745098,0.18823529411764706,0.5,0.06666666666666667,0.5529411764705883,0.9803921568627451,1,0.06666666666666667,0.3176470588235294,0.5568627450980392],"ix":9}},"t":1,"a":{"a":0,"k":0},"h":{"a":0,"k":0},"s":{"a":0,"k":[0,-98],"ix":5},"r":1,"o":{"a":0,"k":100,"ix":10}},{"ty":"tr","a":{"a":0,"k":[0,0],"ix":1},"s":{"a":0,"k":[100,100],"ix":3},"sk":{"a":0,"k":0,"ix":4},"p":{"a":0,"k":[0,-1],"ix":2},"r":{"a":0,"k":0,"ix":6},"sa":{"a":0,"k":0,"ix":5},"o":{"a":0,"k":100,"ix":7}}]}],"ind":3}],"v":"5.5.8","fr":29.9700012207031,"op":82.0000033399285,"ip":0,"assets":[]}